image_id,pred_lat,pred_lon,pred_radius_km
0031fc731a8b7e9a.jpg,45.688119396397546,-112.4961635299152,2963.475
01b8b246ce40e841.jpg,-10.780858817556457,-53.09248234950059,4082.5676
01f6b8a456c10df5.jpg,-41.82975608523695,171.47480599612177,2520.0625
02e753995218eb01.jpg,-26.611656188964844,-50.16695022583008,4068.4512
0303621f7dba65c3.jpg,9.558603286743164,10.978398323059082,2364.657
030fd0084d812f2d.jpg,35.83774185180664,-86.23197174072266,2868.7788
032c7c89755c144f.jpg,52.940486907958984,-3.903554677963257,1207.8896
043916ecd5d1ce2a.jpg,-2.570265293121338,-78.62445068359375,762.7641
04cc9cb6d17c7b8b.jpg,43.441707611083984,22.98837661743164,881.2998
04d86f17833b3d94.jpg,61.96685290954413,96.62758838729371,1685.182
0509539ac6d20d2e.jpg,40.53832244873047,79.57628631591797,1389.6904
052053e25b1a7188.jpg,8.514556931704401,-80.12129493940317,1676.0686
05ae8620796b212e.jpg,25.824766159057617,41.71289825439453,378.7646
063e1ae489f69d85.jpg,36.61376190185547,87.45143127441406,1467.6096
067ac75507c68e12.jpg,44.71296310424805,45.48915481567383,2991.8462
071015b88cdea540.jpg,30.970645904541016,30.019405364990234,1451.2118
079a2f3281dcd203.jpg,46.158729553222656,78.25128936767578,908.5772
08422c816dc4820b.jpg,48.17872619628906,9.574228286743164,804.579
0933324141b24cb8.jpg,46.939640045166016,7.917392253875732,316.7683
09ddfb396c26f59e.jpg,39.677127838134766,-7.605149269104004,455.77747
0a0553d207860b27.jpg,-10.780858817556457,-53.09248234950059,2452.509
0b2459c2af3fec12.jpg,50.43643569946289,19.187774658203125,3844.4534
0b8a70baf877d305.jpg,42.78643393577015,12.07190712222916,1455.1487
0ca412aa9d1e74b9.jpg,-41.82975608523695,171.47480599612177,3037.5815
0ca64c387e9c3832.jpg,45.01639175415039,24.238445281982422,1157.579
0d1577f3986982d7.jpg,28.148889643064805,2.6530913857768414,1045.6349
0e1b3628abddc977.jpg,-10.780858817556457,-53.09248234950059,4064.1262
0f0cd62129958fd5.jpg,-31.89067268371582,150.34703063964844,227.96532
0ff85d84206f4197.jpg,61.52880859375,93.70417785644531,3334.7969
10095d84f08fffbc.jpg,65.05531311035156,16.575483322143555,343.31253
104d793a3274a0e0.jpg,15.840128898620605,38.92230987548828,2651.1882
107d502205582f70.jpg,9.466329574584961,25.002164840698242,4065.2642
108fd566157ec463.jpg,-23.849794387817383,133.6251678466797,2815.1592
10a63556804c5770.jpg,61.37286376953125,22.070030212402344,1690.1094
10ffb9fa9571d2c6.jpg,52.38984680175781,22.904987335205078,1396.6523
1159b050535cfea5.jpg,-24.34663963317871,25.76876449584961,692.6804
1185f83564af43f2.jpg,-9.154388497778601,-74.37806454631152,2020.9761
1197767d024837f2.jpg,-18.321224212646484,18.34305191040039,1172.1676
11f88f62a9b6936f.jpg,-9.154388497778601,-74.37806454631152,2642.1748
12078a677a1721e2.jpg,49.72816467285156,81.04461669921875,3603.6782
133548540cf07db3.jpg,23.949171187479656,-102.53030785134244,1421.9587
1351d11dffdc5370.jpg,64.45483671122136,14.13002776624231,212.71068
1447282e14157946.jpg,14.77473258972168,25.987852096557617,2815.8545
14fabfc3e0d31fc7.jpg,-6.0821967124938965,13.291668891906738,1015.13763
1574541bd6040c32.jpg,-22.06403350830078,29.629798889160156,215.75555
15e4bf6dccd144ce.jpg,3.922512912780284,-53.24455525557253,471.42706
16776a8f4f518e24.jpg,17.605792999267578,-98.4422378540039,2683.0972
167d6308f673e648.jpg,-2.222961022762514,117.27043361542225,594.4861
1688b38e3cb1c242.jpg,9.595314862037961,8.091239258465734,1102.3501
16c4c297bef775dd.jpg,51.54060745239258,-0.6783791184425354,269.2819
1787c59443f01363.jpg,34.675689697265625,85.63946533203125,3287.3086
17998f1f5c5d982a.jpg,-10.780858817556457,-53.09248234950059,3617.4626
1a29b3eb77709f78.jpg,47.69060516357422,6.756253242492676,929.6823
1a2a258c994b4547.jpg,16.455432891845703,30.286714553833008,1181.8066
1aa3575253768748.jpg,9.973437000128229,-84.19352758663302,3003.486
1c759327b964029a.jpg,22.887985835710005,79.60712163762605,3323.1655
1d1b35ccbece9fbc.jpg,-10.064742088317871,-46.45212173461914,873.9716
1d6e8b3b02ceb6ad.jpg,52.15365219116211,-2.776078939437866,1059.4103
1f4b53896258e18e.jpg,-8.648916244506836,16.737220764160156,1397.1067
20822b79cb72694d.jpg,29.841692143581046,-8.396435017459739,139.48306
2094a53eafc2177b.jpg,-37.743606692011916,-71.36437471409556,2134.5889
20ea297869e8d5b7.jpg,29.98168182373047,11.54919719696045,1080.5444
231b092e9e491787.jpg,-0.015262069180607796,16.95647430419922,2113.6033
2352b706e0201f31.jpg,-25.732310548850457,134.49111881317657,2382.2402
23d0d0db3ace1280.jpg,57.07892990112305,27.114059448242188,3596.0547
24819f974fae340a.jpg,41.459136962890625,47.22322082519531,4288.199
248fb04611d71849.jpg,-26.905332565307617,153.05874633789062,3459.5688
24d3fe0a3571a6ed.jpg,45.688119396397546,-112.4961635299152,2581.2383
24f4870787cbfa02.jpg,3.2826709747314453,-60.5754508972168,3011.8408
252f627c28557048.jpg,-7.144333413521102,72.2988152369614,406.16644
2697ebbd9b2dce33.jpg,56.56740951538086,38.67673873901367,2168.2905
285faa57bb3b8232.jpg,30.05440330505371,77.59638977050781,129.24849
28dfbf594920d8d3.jpg,-7.773445129394531,-44.454341888427734,1562.3315
290973ff1f0fd31a.jpg,2.9056875705718994,14.02462100982666,2263.6182
29204fc5068e42b5.jpg,56.37138366699219,43.26698684692383,3202.1018
29d41a1be0a57ed2.jpg,7.9539547235318,-1.2165238430488383,3073.9348
2a3e86ed37f2e785.jpg,-8.90958330639849,159.63809458210542,1856.5872
2afa3954cec874eb.jpg,-17.27001004679314,35.53810553191948,2887.184
2b09359cdf05bbf7.jpg,64.45483671122136,14.13002776624231,1318.5651
2ba2fbb1c280f851.jpg,9.595314862037961,8.091239258465734,533.0066
2d82420559a2b8a6.jpg,1.5747883319854736,12.750391960144043,2251.497
2edf3b9116a35433.jpg,-9.154388497778601,-74.37806454631152,2724.5679
30775b20ae890b50.jpg,49.42424392700195,16.40412139892578,2293.3577
30b30a3c81dbac7f.jpg,50.99416732788086,21.190814971923828,2524.2285
3227547c2a8bc21b.jpg,-30.21933937072754,29.66974449157715,388.04553
32c6678450a3f9fa.jpg,-80.50821938056103,19.908399059315396,2155.205
32f287c9b368a8b9.jpg,-28.471853256225586,-62.800331115722656,2123.1753
33bf3dceb726df58.jpg,-15.395838737487793,27.721174240112305,2242.1921
34f65e00cc3df67d.jpg,24.419445037841797,-11.666884422302246,154.75069
35489a7e043e992f.jpg,12.920953750610352,1.058773398399353,350.9046
378cd45192fe1307.jpg,8.563085846262343,-11.795015640199734,3299.1504
39045a9cc0ed070e.jpg,-7.144333413521102,72.2988152369614,1443.1863
3933ea8fc44dafdd.jpg,-37.743606692011916,-71.36437471409556,1711.871
39e41aa9e2eba72e.jpg,57.308349609375,24.514873504638672,807.3978
3a2134fe21fd6ab5.jpg,42.459938049316406,26.124216079711914,564.9424
3a552942049dc5c7.jpg,16.096498489379883,0.6831663846969604,1381.8568
3a76236a4b6a1ced.jpg,39.06108058041753,35.16723942714946,2797.8838
3b2cef528f285b83.jpg,-18.37159538269043,-51.85397720336914,2918.2297
3c0fb4be69886bb7.jpg,61.96685290954413,96.62758838729371,3971.8337
3ca21ce4ce9adcc4.jpg,-10.780858817556457,-53.09248234950059,677.30566
3cc61982a463034d.jpg,-33.804725646972656,-64.30558013916016,2165.763
3d0c8a31e02728eb.jpg,63.63616943359375,10.4514741897583,1245.1559
3d8ae039e869d4b1.jpg,46.093414306640625,0.3041304647922516,148.82933
3d933d4f471d06d8.jpg,56.82895725338948,-4.1703157756655616,2135.944
3e34a3d8ea8deaca.jpg,15.357513702257231,38.852944454251286,2934.555
3ea1ff7e1f770ea8.jpg,19.085620880126953,36.46844482421875,1295.7782
3eba9e7ca4dad2e4.jpg,14.977580070495605,-3.2375550270080566,1056.5785
3fa7f2f60ff1f960.jpg,45.08259963989258,35.89354705810547,975.3336
408fbe44da1a38c1.jpg,46.86187744140625,3.415412664413452,3161.579
40dc611e6abc169e.jpg,18.686471939086914,-3.703995943069458,1033.8906
4160827811607267.jpg,52.242252349853516,41.581398010253906,2896.66
426347a08bfcda58.jpg,-6.380016803741455,-68.31304168701172,3058.4946
4266469407262b4a.jpg,71.15803527832031,55.38261032104492,813.71185
42a166c5cb3e1b03.jpg,-1.4262414732879636,-78.7722824044243,3803.4258
438e173186f291b1.jpg,51.633750915527344,28.645660400390625,3381.4727
43f803829f907eeb.jpg,36.5592829922774,103.83258859229906,292.50635
44843c678f531d9b.jpg,-1.4262414732879636,-78.7722824044243,2802.518
4535a64f89bfbb3b.jpg,-80.50821938056103,19.908399059315396,1114.2087
4638c46ca49956db.jpg,29.841692143581046,-8.396435017459739,161.30765
473f391d5cb22915.jpg,64.45483671122136,14.13002776624231,367.2409
480aea0b4f9991bd.jpg,-6.476900137012254,145.0247761025988,3324.2876
481f43e8029f0a00.jpg,32.23432159423828,82.29273223876953,276.64294
48421a6971d0619b.jpg,19.32179832458496,76.103759765625,651.83496
49079d76746c8f94.jpg,22.630823135375977,16.71985626220703,884.5304
49f376ffef8eda62.jpg,24.439651489257812,29.717945098876953,502.86548
4a52a514aba84cfb.jpg,0.4442592566612635,6.72644242322895,724.07764
4a649a01f2a82a95.jpg,50.60482406616211,27.751211166381836,2411.3635
4a739b8faaf29a96.jpg,5.985594749450684,25.1738338470459,3338.6565
4ad8074bdd7102b4.jpg,23.60910415649414,102.32962799072266,1296.1222
4b0af6b43e3669d8.jpg,64.45483671122136,14.13002776624231,3870.9397
4ba89445e9a6babe.jpg,56.00808334350586,51.17549514770508,2280.8286
4c751c373ca9462d.jpg,65.78689575195312,76.51594543457031,449.30695
4d3862ea366d65cc.jpg,13.73584957589758,-88.87103259252096,2514.7986
4de905abd12afa9f.jpg,61.96685290954413,96.62758838729371,936.184
4de96d42b788bc99.jpg,-41.82975608523695,171.47480599612177,301.40298
4ea6d43373816a18.jpg,8.988414764404297,7.382065773010254,3030.8567
501ae437f8cba277.jpg,42.78643393577015,12.07190712222916,929.1464
50b237d2c8021150.jpg,43.70485305786133,117.96324157714844,240.31735
518803a63f4ce86a.jpg,-25.63884925842285,-67.8540267944336,456.64386
51912bec686620c8.jpg,21.969057083129883,58.69055938720703,2799.5342
521d9dc40679bfa4.jpg,-10.780858817556457,-53.09248234950059,3869.8281
5238983b0d54924e.jpg,-3.388887882232666,34.28992462158203,2483.411
52a8984c2b33d0e3.jpg,35.034324645996094,46.727569580078125,2316.5457
52fc7e5fca78247f.jpg,-16.960102081298828,-70.38297271728516,275.2198
5367927a2ace640f.jpg,-7.933077812194824,-67.98416900634766,1529.7527
5507c926c352d5ee.jpg,19.953081130981445,-14.894989967346191,326.59045
550ebc89bf8ba978.jpg,3.909413014625094,-73.08384211224963,2419.9014
55812c5ce5299706.jpg,44.78800964355469,92.05166625976562,3005.4834
55bd33522b0525ab.jpg,4.477522850036621,26.648330688476562,3199.4788
568e76881ea1f0d1.jpg,-37.743606692011916,-71.36437471409556,746.59247
56a89f994faa4a04.jpg,48.11068344116211,59.259986877441406,3799.242
570cc4597aa648e3.jpg,-1.4262414732879636,-78.7722824044243,2446.7983
57c0690182c5a654.jpg,38.12175750732422,-4.476630210876465,665.1855
5803dfaf2a7954cc.jpg,-14.03321361541748,30.253934860229492,2482.9048
581bf2f7b7731926.jpg,21.457717895507812,47.1685676574707,2929.6162
584d6432e9b7a8b2.jpg,59.89054870605469,51.15678787231445,2841.6067
589abc1c93ca904a.jpg,46.84095764160156,43.701690673828125,2305.7773
58b73f8c039836e4.jpg,40.01462173461914,57.634857177734375,2225.9531
58f318396bb5a648.jpg,-41.82975608523695,171.47480599612177,942.93164
59a1a27b93eddee4.jpg,32.57067820037889,54.276946740577635,2242.392
59ed2eb4aa65ec7a.jpg,64.45483671122136,14.13002776624231,669.36304
5a4705435fc7656a.jpg,3.7923928572213983,109.69886848960218,506.6683
5a7bbdbaccaa19d9.jpg,2.0674493312835693,11.284321784973145,3249.246
5ac5f6f7964b4624.jpg,25.080617904663086,31.508773803710938,3902.2434
5b6bc9b3b92ec5f9.jpg,30.729902267456055,105.05641174316406,3952.672
5c650163c3d18d57.jpg,22.736345291137695,-4.577327728271484,812.7661
5ccb741b28de63ec.jpg,-13.620919227600098,34.34917068481445,3569.196
5d013fe615f9c02b.jpg,43.166011810302734,61.51781463623047,1107.7526
5de39b00c849c1d2.jpg,61.741241455078125,12.282464981079102,1069.1912
5e672d4fc786e5c9.jpg,39.48048400878906,-103.22660827636719,683.3631
5e8d8042575d464e.jpg,-32.84185028076172,-62.91493606567383,1553.521
5eba1d46a0c01c38.jpg,10.237800598144531,16.398061752319336,1713.7515
5f4587ba9678ac4a.jpg,25.850114822387695,99.54316711425781,477.6328
5fb6320707f9bbf8.jpg,-34.15848159790039,-65.02439880371094,707.1532
5fdbdcb2a3b0a14a.jpg,3.8599777221679688,24.586957931518555,2544.352
606fa68815a2ddb5.jpg,-0.5916559471447503,11.789569267024921,1211.658
6133dc15a3fda329.jpg,64.45483671122136,14.13002776624231,258.22916
616a18260a49e2b4.jpg,40.6523323059082,-112.58990478515625,1951.779
61ad491ea3206aa0.jpg,-25.732310548850457,134.49111881317657,1499.0255
61c47d2afe40dbda.jpg,61.37635110106753,-98.29371332867872,141.53833
6207606b1fc8f6b0.jpg,42.866783142089844,65.76839447021484,1728.8453
63148d85e921762d.jpg,-31.00627899169922,-66.51355743408203,907.0951
633a1a0f1cd91f4e.jpg,15.90542131204099,47.5906020576745,766.363
6344e52f8780453e.jpg,48.39297103881836,16.603412628173828,994.76904
6370a6f27e4ee7fb.jpg,19.510608673095703,30.42327880859375,2265.6458
642c00199b6711b6.jpg,17.174631118774414,32.61005401611328,2011.1632
65b51baf15dc54a7.jpg,-20.06655628192574,-174.86851238701456,1393.7125
65ff992df8675ba9.jpg,-3.524847984313965,15.489614486694336,2887.919
6817b995a5a80eaa.jpg,45.688119396397546,-112.4961635299152,2833.5508
68c905b8cd2f0aa1.jpg,-80.50821938056103,19.908399059315396,3294.77
694a88ed676dbf1e.jpg,30.751317977905273,23.418249130249023,2951.0623
69bf52d96d5ce6f5.jpg,3.7923928572213983,109.69886848960218,532.772
69cf1ae3b74e7b45.jpg,-37.86355209350586,-61.24940872192383,2811.866
69db1172853294cc.jpg,-2.222961022762514,117.27043361542225,363.9461
69f54ba01cb3e993.jpg,44.189849853515625,59.8504753112793,3523.3643
6a4874c0753c6ae7.jpg,-1.4262414732879636,-78.7722824044243,1254.5957
6a659565413c2829.jpg,52.94535827636719,29.67229461669922,1866.5842
6b44625d551125ce.jpg,48.205291748046875,17.108728408813477,643.33124
6ba2942a62cddd67.jpg,58.0501823425293,79.84080505371094,2438.107
6c62bb7ead479b4c.jpg,60.44852828979492,29.669788360595703,2275.9146
6ca51647448fd25c.jpg,-10.780858817556457,-53.09248234950059,2068.3228
6d2523a19eef6549.jpg,12.792319297790527,14.728504180908203,2611.4995
6d31323716b2543d.jpg,0.42090922594070435,17.080278396606445,1859.0219
6d8a2dfcd4a3d53f.jpg,6.967277109665981,155.260652848204,1088.497
6d93be625f85719b.jpg,21.365257263183594,-9.05954647064209,2067.8481
6d9e15e1c966040d.jpg,41.669151306152344,68.78119659423828,1941.3903
6dff6b47546b05e7.jpg,9.208108901977539,17.688852310180664,2463.4797
6fad06e4e229e63d.jpg,-9.774148941040039,-45.3332633972168,2208.4805
7063f2fa4c8957b8.jpg,54.34722137451172,96.24247741699219,1366.882
709fe748d6c12a1c.jpg,7.230197429656982,-4.9078240394592285,3015.499
70e49353ef9019a9.jpg,-37.743606692011916,-71.36437471409556,2776.7407
715dda842ee80399.jpg,-8.888421058654785,-75.38296508789062,3383.9956
7168aa117eb89dbc.jpg,18.761106491088867,-6.249166011810303,915.66394
718480fc0c3a0aee.jpg,11.762749942993748,122.87468228522523,184.10928
7190af77fb2140ff.jpg,-12.432577311268105,123.58636771289328,179.31418
71b8c3239916160e.jpg,-1.3943995237350464,19.53760528564453,2477.9014
722e54382a6c9e09.jpg,0.013082985766232014,16.64974021911621,97.78934
729da1c61f2c61d5.jpg,10.048206329345703,4.836848735809326,523.96936
736eea377cea05e4.jpg,0.33957207202911377,12.280463218688965,1094.6204
74596b1ff7c45217.jpg,-33.78314208984375,23.140737533569336,2334.9343
74a143e3a0cda8e2.jpg,-29.234012603759766,-52.83795166015625,320.3227
74f02d9dfa88eef9.jpg,-34.455020904541016,-56.84138870239258,860.9509
7501a0a1a1475c64.jpg,-41.82975608523695,171.47480599612177,683.5047
75984aea33e1bee6.jpg,-9.287046432495117,27.468233108520508,1623.4556
75e6260ffcbd7c6b.jpg,-1.4262414732879636,-78.7722824044243,558.95544
7624f9ed659c68de.jpg,5.611576557159424,19.449270248413086,3025.3418
76c98fdd2d2ca088.jpg,43.80756759643555,-1.150986909866333,1473.9541
775e381ca758a326.jpg,-10.780858817556457,-53.09248234950059,165.03728
7832c5edbdb92506.jpg,7.820547103881836,36.04230499267578,431.49353
787291843c0b2d06.jpg,21.16766993019284,96.48928954374075,1715.5582
78d20d204981e413.jpg,45.688119396397546,-112.4961635299152,3518.6484
791fae736694acbc.jpg,1.6502184867858887,10.740516662597656,1396.4138
79558f4c438e7c14.jpg,-17.70918846130371,26.49582290649414,394.3603
79bebfd1965aa0c6.jpg,23.44683837890625,50.952728271484375,2631.9912
7b4717347d81594c.jpg,39.86125946044922,70.2890396118164,143.94914
7b7814e2e48aaa80.jpg,12.501322746276855,17.065061569213867,2739.3992
7b83f47144755189.jpg,39.238285064697266,27.12470245361328,844.66736
7c0085afe66b20f7.jpg,-8.047664642333984,112.81510925292969,2152.5562
7daabc43ae3cfeef.jpg,65.4980697631836,74.64753723144531,441.1499
7defeacf271ec0ed.jpg,57.4415283203125,113.54691314697266,1097.4453
7edd64970315e52c.jpg,15.94515212677401,-23.975655433595136,1476.898
7f35651edb87777c.jpg,7.09324312210083,2.828310251235962,3151.7266
7f5655e232cd84ed.jpg,-37.743606692011916,-71.36437471409556,4158.065
7f5c2bd1296f3253.jpg,3.909413014625094,-73.08384211224963,1943.5271
7fe791008504f5c3.jpg,49.488494873046875,89.38002014160156,3289.383
7ff5a0c0f300bd93.jpg,15.94515212677401,-23.975655433595136,1827.0669
7ffa77a693adcb43.jpg,-34.90349578857422,-61.4831657409668,1908.0267
801bcbd0ab3d9425.jpg,59.64365005493164,50.84942626953125,1590.7742
823a20e7f3b95202.jpg,7.627966543256301,-5.569000247811547,2831.291
832cbe29f24ef240.jpg,-0.40762749314308167,15.655099868774414,2003.9236
8409bedfa3f99b9c.jpg,15.94515212677401,-23.975655433595136,2947.354
84d15565e2a1b2a7.jpg,-37.75056457519531,-59.71012878417969,2347.346
85265509b03cfb84.jpg,9.426095962524414,2.4734420776367188,202.23767
8539864ce9a0542c.jpg,-7.419638156890869,22.36833953857422,2495.1162
8567875889197d47.jpg,5.765121936798096,8.532082557678223,1169.8042
8647289f7a94e4a5.jpg,-37.743606692011916,-71.36437471409556,3300.582
87395d0a579e2e27.jpg,32.322410583496094,80.30809783935547,797.7025
88029ef36f8b0d99.jpg,-19.892059326171875,-66.5953140258789,2471.728
880a4954fa0d29bd.jpg,-2.222961022762514,117.27043361542225,1024.9478
889df7ef8d723966.jpg,3.7923928572213983,109.69886848960218,1049.2743
88a891ffc6beabac.jpg,-25.732310548850457,134.49111881317657,2217.2283
88b9480999256b61.jpg,57.00562286376953,23.156734466552734,3041.5447
892042bf38e73cc3.jpg,-31.26455307006836,-60.43730545043945,2139.575
89296c7310066328.jpg,24.62838363647461,116.19963073730469,2144.004
89488f165b535a6f.jpg,52.37595748901367,74.04115295410156,3662.8467
895f7e1fed7f774f.jpg,36.5592829922774,103.83258859229906,945.6467
89d76e5ccddb37cf.jpg,-6.489978181316964,52.06231607308585,2816.553
8a388a3fd9ac64d7.jpg,-27.788204193115234,-68.40043640136719,2019.4388
8acd34f1ee8e87e5.jpg,39.116600036621094,-80.10627746582031,1760.2399
8b44fed13364f1a5.jpg,53.737430572509766,17.798410415649414,1679.578
8b8a793c6075739f.jpg,51.813575744628906,62.85664749145508,4043.2856
8bccec30f31c2223.jpg,28.179340362548828,97.63775634765625,1282.4446
8d4f713ab1dbff42.jpg,-36.516517639160156,-59.15719985961914,2149.749
8d52b6c06e38bbda.jpg,12.387838363647461,3.1050124168395996,734.3015
8eb40cb5e83a4049.jpg,49.51176452636719,71.63761138916016,1207.3342
8eec1d5ab62a0c20.jpg,58.80044937133789,13.622720718383789,1211.0541
9013562ad9f267de.jpg,7.627966543256301,-5.569000247811547,385.89096
903626f2d9a07035.jpg,40.227233686858504,-3.6526369605257356,4281.5107
9076a442de4373a6.jpg,-28.655424118041992,129.99464416503906,1718.199
91b04e0d2c264624.jpg,2.079749584197998,-72.1185302734375,4443.9834
91f0785c49f39a5b.jpg,-18.176551818847656,-57.51070022583008,3431.654
9217b12e7f9670b5.jpg,55.965377457338825,10.051389685043452,792.8167
921abe5684f58381.jpg,64.45483671122136,14.13002776624231,1652.8258
922847e9c74da80a.jpg,-2.222961022762514,117.27043361542225,469.89847
92be08d87933ca74.jpg,36.93845748901367,-92.43122100830078,3895.1333
951ecbae42cb58f7.jpg,62.00917053222656,72.11318969726562,3284.86
9534c8ec2d59571c.jpg,-21.736114501953125,17.49243927001953,961.79126
956c3a8d313af709.jpg,10.83383560180664,33.659271240234375,2453.2336
956eb6f64059d2a0.jpg,9.641216602468445,2.328740682876135,2405.9116
95d51c3debbf6cd1.jpg,52.442909240722656,64.69218444824219,4324.687
95e50aa60628baa6.jpg,15.864461000000002,-78.63811866666667,3272.614
9654727365d6fcbe.jpg,-1.8001320362091064,38.76485824584961,2193.0625
966897bdddc0ec2d.jpg,26.86208724975586,24.548219680786133,1918.016
96dc2f4b0394a888.jpg,-1.8562604188919067,16.211395263671875,1076.5735
96f87e9f42290250.jpg,6.556512355804443,19.474119186401367,646.6438
9732f45755e006a0.jpg,5.207317352294922,39.717803955078125,2231.011
9847db775d791efa.jpg,51.3912353515625,-93.33367919921875,630.9593
9a0934ca7490fa26.jpg,10.480247497558594,0.3531949818134308,365.74728
9ad0e19b80900629.jpg,28.148889643064805,2.6530913857768414,994.8017
9adeea449217f9b0.jpg,39.72932815551758,66.34166717529297,3419.1128
9ae1313824cf55a6.jpg,2.799610137939453,12.702598571777344,3354.5493
9ae4fd7a87131d9a.jpg,56.53134536743164,36.80555725097656,3112.987
9b281d4cde3b71cc.jpg,38.36613195675997,-27.33530942412264,930.9321
9b923862031282cb.jpg,0.2416536957025528,21.669498443603516,3632.2302
9c26fc4052325510.jpg,5.184820652008057,13.822053909301758,2447.0664
9d6b71895a3d6b38.jpg,-22.129246657334843,17.211133154867635,329.18323
9f7d0b88507e18c3.jpg,35.500701904296875,49.56173324584961,1227.355
a0261b31d0ae3fb2.jpg,-25.732310548850457,134.49111881317657,570.12445
a038246bda25769a.jpg,56.82895725338948,-4.1703157756655616,500.61
a0f6c26a14008e59.jpg,30.028766632080078,95.16943359375,337.0362
a1c34f44cc3fe88d.jpg,-6.141198688216907,155.26235071353275,1084.9417
a25d6a5fe117751d.jpg,7.4005303382873535,45.35710906982422,1988.7334
a29781e1ea092fb2.jpg,4.976406574249268,13.709273338317871,2301.702
a2dd4d2c844ad12f.jpg,-80.50821938056103,19.908399059315396,234.49884
a382219332ef777b.jpg,66.67425537109375,-108.2336196899414,1793.4996
a3c217e5acb86465.jpg,41.15559768676758,-97.12501525878906,887.9201
a3f0cda23216f4a3.jpg,-33.129547119140625,136.73683166503906,243.19652
a4fb79b10a5c9a4e.jpg,31.304607391357422,15.076218605041504,1190.0753
a55b6510aad3a414.jpg,53.05887222290039,-124.1251220703125,111.84359
a7450f805ece6d82.jpg,7.627966543256301,-5.569000247811547,2612.1196
a7c1acfca476af15.jpg,-5.301852226257324,-40.511348724365234,1659.0526
a83a7499f60466d4.jpg,37.663333892822266,58.8381462097168,1008.2416
a8746e97f1bef75c.jpg,46.098968505859375,81.97402954101562,2326.107
a9f3d1ee26389fa3.jpg,31.423255920410156,78.12354278564453,1427.8936
aac01582af4464ae.jpg,7.579157829284668,-80.56180572509766,2599.8481
ab56504b3b7ee9bf.jpg,-12.762093544006348,18.91414451599121,2412.4998
ab64ffa046f57986.jpg,48.77302551269531,93.08012390136719,3002.894
ac1327cd47c27e07.jpg,1.7069609705004574,10.332885577931204,2901.3254
ac571aba16337ca3.jpg,-9.154388497778601,-74.37806454631152,280.799
ac917be051ccd9c2.jpg,13.507092475891113,79.25733947753906,3875.369
acd33ef068b88207.jpg,9.34432315826416,23.22210693359375,3896.2454
ada5367fb25e9580.jpg,3.909413014625094,-73.08384211224963,2652.3408
adfa2b78258e5223.jpg,8.85630905786467,49.27678396943748,2685.2944
aeae90d253727778.jpg,3.909413014625094,-73.08384211224963,3535.8613
af2e85f30019b307.jpg,46.554954067094215,2.5463795575738235,653.60376
af38392885b9f454.jpg,52.983985900878906,15.343765258789062,1424.2114
af41f726ef9f0373.jpg,60.56973648071289,30.06858253479004,3259.542
b0743ce95b52d858.jpg,-34.358272552490234,138.510009765625,4128.9116
b09742042285fd2f.jpg,-13.65896987915039,-74.36930084228516,1943.9792
b0aa0881d1990b4b.jpg,46.22626495361328,33.403594970703125,1540.1553
b172d80bcc7280a1.jpg,26.253173828125,-1.0366235971450806,3678.7954
b1eb874d441107aa.jpg,-12.750761032104492,-67.59873962402344,1386.2455
b24f68b409f34768.jpg,40.227233686858504,-3.6526369605257356,3238.0557
b366be0faa8acc38.jpg,6.967277109665981,155.260652848204,580.57025
b52037377e957cc8.jpg,46.919349670410156,21.226247787475586,1513.2422
b5494437d7bc8300.jpg,26.492993109206882,29.861110918086986,615.63135
b62d7e20abd4edad.jpg,-1.4262414732879636,-78.7722824044243,2251.8428
b66408637807ae81.jpg,-22.75153923034668,32.915687561035156,639.7274
b7382ea87e73450b.jpg,24.144664764404297,88.96835327148438,3971.6416
b7717e05e5f2a7ff.jpg,44.76295852661133,-113.69285583496094,1701.029
b78faa3749bf45d2.jpg,54.16105270385742,45.97654342651367,3386.0898
b7b16f8088e1ee66.jpg,-2.222961022762514,117.27043361542225,204.24707
b8194b18e57a8d91.jpg,-4.526129722595215,22.452730178833008,3056.062
b84efc4e28f73086.jpg,61.581459045410156,10.635068893432617,3465.9614
b924f354a37fd345.jpg,-25.732310548850457,134.49111881317657,1470.7677
b9dce2cda14daa22.jpg,42.78643393577015,12.07190712222916,576.73047
b9e35853bc87b9b4.jpg,-1.4262414732879636,-78.7722824044243,919.21094
bb3f975bfd39d0d6.jpg,32.7561179539677,-16.943973128899625,448.36877
bc065d880d7fcbd8.jpg,-9.154388497778601,-74.37806454631152,3469.3071
bde6afbd149d6fe8.jpg,15.987013816833496,29.004777908325195,1840.7026
c0585f5404feff84.jpg,-4.785621643066406,17.601613998413086,1342.0248
c0ba19b96f9ca12a.jpg,29.08374786376953,-96.1394271850586,2124.1267
c1db6276e176539e.jpg,52.64485549926758,26.413158416748047,1284.7247
c1e0cf6f605980ab.jpg,55.355369567871094,57.9600715637207,3965.0083
c2bfddbe0beb246c.jpg,35.61132049560547,54.553096771240234,2606.8223
c30484c6f8da7ea6.jpg,0.5507660550106522,37.82243991060529,2473.3215
c3269664e9fd48a0.jpg,29.841692143581046,-8.396435017459739,2185.4126
c37fe97de5fadc1f.jpg,50.14838790893555,39.462059020996094,914.26355
c3f19300484a7187.jpg,18.87085723876953,77.20254516601562,2459.5024
c4842e9febff2ecb.jpg,60.06363296508789,-127.29145050048828,1029.436
c485f946d04f40e0.jpg,-2.222961022762514,117.27043361542225,2023.1156
c573e64dc78ddf36.jpg,54.53042984008789,53.13518142700195,2458.7075
c57e56c81dd32987.jpg,51.64012908935547,14.834358215332031,2522.6885
c5cbb68696f4f1fa.jpg,52.241519927978516,-89.71083068847656,2512.1467
c5dfb0d038b2d09d.jpg,0.18516680598258972,27.6901912689209,2324.0146
c6637576eb28f84c.jpg,7.197635971714601,134.3480333845419,243.06375
c6c726fed45cf4fd.jpg,71.16476440429688,103.84748077392578,3497.3127
c6d6832dbeb9e465.jpg,-12.175900463704428,96.86729708016121,1728.2769
c8d3311702516994.jpg,0.4442592566612635,6.72644242322895,681.2587
c942531018284457.jpg,58.19285202026367,12.381091117858887,2420.6704
c943abb2a4ac7741.jpg,41.68943786621094,66.4800796508789,2194.5693
c948eacc4628f3fa.jpg,33.51070022583008,108.0955581665039,3326.3098
c96184929512f808.jpg,53.77721405029297,61.417415618896484,3003.6687
c9a8a722cfd5e49c.jpg,7.558047294616699,8.442509651184082,3609.95
c9b350a542e7a131.jpg,-15.761124610900879,35.20624542236328,689.0865
c9db110c64176b1a.jpg,43.17619323730469,67.61427307128906,1367.681
ca04565143c309af.jpg,-25.732310548850457,134.49111881317657,776.04004
cadc1070e48c20a4.jpg,32.535064697265625,12.462733268737793,2066.1475
cade4cc79cf39ac0.jpg,47.165225982666016,110.31837463378906,2276.168
cb4b7f5845308b46.jpg,-25.732310548850457,134.49111881317657,1320.329
cd07d241a4184cad.jpg,26.316856384277344,119.77281951904297,3661.4958
ce7af30d3abb6100.jpg,24.04608917236328,25.830598831176758,3847.9893
ceef726e80e1608f.jpg,43.3584098815918,18.068532943725586,2526.8882
cf75da169d1c68dd.jpg,39.68040697912492,-7.974785066929622,2175.5896
d0136e65a9ead0e9.jpg,40.227233686858504,-3.6526369605257356,3480.3809
d16ea14697a3c421.jpg,1.4112809896469116,101.8351058959961,313.0775
d1d2ba3843938fe1.jpg,64.45483671122136,14.13002776624231,2257.9966
d1ff601386bdb58e.jpg,21.93241310119629,83.53511810302734,2161.549
d237de3c521a2e63.jpg,-15.659021377563477,16.458019256591797,1529.149
d2b3854ae45716f9.jpg,50.64931106567383,47.18816375732422,3825.119
d3254162a08bbc53.jpg,-35.3786793916512,-65.17307736767694,3503.2751
d3c332ebc9eda5d5.jpg,44.28678512573242,61.3637580871582,1402.3044
d46ff5303889ff4d.jpg,51.29031753540039,109.48265075683594,659.6084
d4a9b8229c9bc274.jpg,-23.798067092895508,-59.68437957763672,711.7893
d4f603b8913488aa.jpg,20.971647262573242,27.62255096435547,1663.6799
d54ceac76a933316.jpg,46.01940155029297,101.78764343261719,2561.2683
d60423a4642a3d35.jpg,15.94515212677401,-23.975655433595136,1051.6387
d712102e02330adc.jpg,35.74360275268555,0.17898181080818176,1856.4385
d71b57b597ee03e9.jpg,61.96685290954413,96.62758838729371,105.51629
d743253b31369422.jpg,-1.4262414732879636,-78.7722824044243,548.739
d7abbe1991614b0e.jpg,17.686248779296875,21.050704956054688,3613.8643
d7ecf427ba87176c.jpg,46.616180419921875,34.16090393066406,1858.1274
d80d2aecf55f4148.jpg,45.688119396397546,-112.4961635299152,810.3467
d969f21328f0bba6.jpg,41.2408561706543,99.56358337402344,573.38684
d991494befa25da3.jpg,9.595314862037961,8.091239258465734,3567.6963
da4c751b3fb785c2.jpg,48.5422477722168,97.70367431640625,1143.7258
da532f6465181f27.jpg,-24.911351069267575,-10.138428434568908,827.4648
daa2ff45e777f27d.jpg,-1.4262414732879636,-78.7722824044243,1545.2793
db37b0f3031a97eb.jpg,-37.743606692011916,-71.36437471409556,1205.7703
db7d27af907298d4.jpg,-2.222961022762514,117.27043361542225,1526.5795
dc5c27e49e1f68d4.jpg,7.534230709075928,14.250432968139648,2821.2449
dd5dc5ebf483be69.jpg,45.688119396397546,-112.4961635299152,930.77014
ddbd7f4a330f0812.jpg,-15.343777656555176,34.43149948120117,794.98145
ddc12f65c66c594d.jpg,4.607396602630615,21.356483459472656,3586.1863
de45e178566096c9.jpg,23.949171187479656,-102.53030785134244,1282.1256
df9de367d3d2d12d.jpg,62.777099821919194,16.754466424731252,1517.6313
e00865f6689cec95.jpg,41.709346771240234,58.78923416137695,1780.6421
e048ec7f11c2811d.jpg,-37.743606692011916,-71.36437471409556,1177.7332
e04a6326a6bae1e9.jpg,2.981383800506592,-75.86626434326172,3520.7974
e15e939e86d08057.jpg,5.968491554260254,7.521280765533447,2385.4724
e254de940aaa0efb.jpg,15.696016455731815,-90.36015691056666,1701.4227
e2b157497a46154b.jpg,11.762749942993748,122.87468228522523,1966.4824
e3cb679fe6a6de5c.jpg,-24.911351069267575,-10.138428434568908,2957.6013
e3d8aacd6d3bb4b9.jpg,45.688119396397546,-112.4961635299152,145.20193
e445ec73906593a9.jpg,40.66464614868164,77.6119155883789,261.31262
e4746107653f02f6.jpg,20.043333053588867,45.900386810302734,955.9856
e4aa85a701766b27.jpg,47.692115783691406,20.10014533996582,629.5177
e4debd3606b15bba.jpg,29.948496828514564,69.34134310551228,2090.2058
e55cf8d31b35416d.jpg,7.779624938964844,14.178189277648926,527.98206
e607773284c8606b.jpg,46.11528015136719,77.66191864013672,3291.0713
e6c226cb70a55be2.jpg,-1.4262414732879636,-78.7722824044243,2008.7119
e6ea10776f00dff6.jpg,56.82895725338948,-4.1703157756655616,1465.8242
e76e5a677628092d.jpg,-22.129246657334843,17.211133154867635,1320.3302
e7a4444a830fd8ae.jpg,-24.911351069267575,-10.138428434568908,4322.205
e80412781e258776.jpg,54.347999572753906,57.711055755615234,1941.141
e81990344c6ddae0.jpg,48.10784149169922,17.594894409179688,2145.4326
e83871c9d080af07.jpg,41.53572463989258,56.2200813293457,1914.8866
e848b06d6bdc8ef7.jpg,45.20056915283203,102.342529296875,3013.415
e8687bb526f4f261.jpg,46.74127960205078,42.564292907714844,1346.2175
e8d60fad29e6e7d1.jpg,48.720237731933594,40.13020706176758,2537.9114
e9457ede8aeb332a.jpg,56.19046401977539,27.638967514038086,2879.684
ea1cfa9556874f73.jpg,37.55117726511581,137.9783475090987,250.61389
ea26fa4f04e88fa3.jpg,29.825315475463867,114.31591796875,575.71405
ea5fd67dc2a031bf.jpg,55.84934997558594,26.149494171142578,1191.4501
ea86e4f19a083ce7.jpg,13.517117500305176,98.84236907958984,1655.473
ead93539226a9aee.jpg,45.745933532714844,63.916473388671875,1378.462
eaf94067b669152e.jpg,26.885446548461914,88.71844482421875,1964.2615
ebad46d639644f97.jpg,46.38336181640625,56.98647689819336,4021.8108
ed1a3529bf45b14a.jpg,35.065670013427734,91.45703125,1591.4955
ee11079a96b85d4d.jpg,17.711206436157227,103.18849182128906,3057.6555
ee637f3e2c6abfaa.jpg,18.205764770507812,17.717863082885742,966.14954
eea64576e875e034.jpg,2.1864781379699707,11.130643844604492,3494.1206
eec1575f6a15c1c3.jpg,-22.129246657334843,17.211133154867635,1735.4294
eedf38404f3b7e76.jpg,-10.780858817556457,-53.09248234950059,3526.5183
efffa08ede00d3de.jpg,-2.222961022762514,117.27043361542225,162.209
f0100d9595f93961.jpg,-71.07958221435547,134.50180053710938,2137.7085
f1a7d638656bc9ef.jpg,-25.753835678100586,116.0192642211914,462.3344
f2564ea1c2e37234.jpg,41.69672393798828,75.9875717163086,349.57892
f31566f05cffc7ae.jpg,-41.82975608523695,171.47480599612177,1783.929
f3647d11763fd8a7.jpg,-34.06379318237305,142.40306091308594,334.7367
f3de5cc696ae716e.jpg,15.696016455731815,-90.36015691056666,1156.2573
f40ba7a98c93ad56.jpg,36.427669525146484,47.81957244873047,4020.23
f416e2652b0ad76b.jpg,29.615339279174805,28.895641326904297,1824.7583
f558054b0967f296.jpg,52.5101203918457,29.591087341308594,2530.2646
f5596f069e4d38fd.jpg,-41.82975608523695,171.47480599612177,2133.9849
f6ddc6cbb44fe4b1.jpg,-34.13312530517578,-66.19406127929688,2241.9814
f6de5a546e555cf2.jpg,33.50068664550781,90.21068572998047,764.1396
f718ea9ec9a3beca.jpg,-17.24374771118164,26.988792419433594,2302.5508
f79f2a4c1d4f81fd.jpg,57.608909606933594,48.472896575927734,2488.5366
f7b90fe9a5323a50.jpg,-2.222961022762514,117.27043361542225,1632.0359
f7cf887caf4fca3c.jpg,15.357513702257231,38.852944454251286,615.09393
f83e29366ae0be63.jpg,22.37118911743164,30.95570945739746,2088.8757
f8bec9bfff55065d.jpg,-10.780858817556457,-53.09248234950059,3284.4126
f8d549b769937e44.jpg,48.887420654296875,24.942127227783203,2096.3418
f8dfd086d45a51b9.jpg,-16.44065284729004,25.604562759399414,875.7432
f921617808fe4cc5.jpg,61.50921630859375,83.8037109375,488.99414
fa2a319278c26789.jpg,48.83599090576172,2.855271816253662,602.1003
fa3284c1c6b7caaf.jpg,17.631888041884448,-61.79526795690646,4264.853
fa7489b495111a46.jpg,1.6878552436828613,-77.42496490478516,1704.2588
fac655e7484abec0.jpg,22.887985835710005,79.60712163762605,1400.5562
faea072d54cddb75.jpg,54.1028938293457,18.498117446899414,1412.0774
fb4fb0a8d7356b1d.jpg,-19.72730827331543,-45.515350341796875,2572.5842
fc1e81f02faa0805.jpg,13.518446922302246,4.304277420043945,1827.8059
fcfa7058b5d5c0e7.jpg,4.404982566833496,97.95902252197266,2827.937
fd3d9443a18084bf.jpg,56.910709381103516,-124.62693786621094,480.58704
fe12a1837423ff98.jpg,2.2043564319610596,30.57050323486328,3047.6487
fe7e8374b9cc9adc.jpg,16.183961868286133,103.7457504272461,1573.6725
fe83c7edef0e2d3a.jpg,21.16766993019284,96.48928954374075,2844.346
fecd47ba3400a302.jpg,18.0805606842041,1.0580369234085083,2100.0112
fefd6a85a57fee67.jpg,13.938241958618164,45.102603912353516,3704.5125
